{
  "Идентификатор": "",
  "Включен? [true/false]": true,
  "Позиция": "(-667.79, 42.59, 1192.39)",
  "Вращение": "(0.00, 0.00, 0.00)",
  "Радиус": 20.0,
  "Удалить других NPC? [true/false]": true,
  "Наборы NPC": [
    {
      "Включен? [true/false]": true,
      "Минимальное кол-во днем": 4,
      "Максимальное кол-во днем": 5,
      "Минимальное кол-во ночью": 4,
      "Максимальное кол-во ночью": 5,
      "Настройки NPC": {
        "Названия": [
          "Patrol"
        ],
        "Кол-во ХП": 200.0,
        "Дальность патрулирования местности": 10.0,
        "Дальность погони за целью": 100.0,
        "Множитель радиуса атаки": 1.0,
        "Радиус обнаружения цели": 50.0,
        "Длительность памяти цели [sec.]": 10.0,
        "Множитель урона": 2.0,
        "Множитель разброса": 1.0,
        "Обнаруживать цель только в углу обзора NPC? [true/false]": false,
        "Угол обзора": 135.0,
        "Скорость": 7.5,
        "Минимальное время появления после смерти (не используется для Events) [sec.]": 600.0,
        "Максимальное время появления после смерти (не используется для Events) [sec.]": 900.0,
        "Отключать эффекты рации? [true/false]": false,
        "Это стационарный NPC? [true/false]": false,
        "Удалять труп после смерти? (рекомендуется использовать значение true для повышения производительности) [true/false]": true,
        "Одежда": [
          {
            "ShortName": "hat.boonie",
            "SkinID (0 - default)": 889709045
          },
          {
            "ShortName": "hoodie",
            "SkinID (0 - default)": 889718910
          },
          {
            "ShortName": "pants",
            "SkinID (0 - default)": 889714798
          },
          {
            "ShortName": "shoes.boots",
            "SkinID (0 - default)": 877856608
          },
          {
            "ShortName": "mask.bandana",
            "SkinID (0 - default)": 889712013
          }
        ],
        "Быстрые слоты": [
          {
            "ShortName": "shotgun.pump",
            "Кол-во": 1,
            "SkinID (0 - default)": 0,
            "Модификации на оружие": [
              "weapon.mod.holosight",
              "weapon.mod.flashlight"
            ],
            "Боеприпасы": ""
          }
        ],
        "Kits (рекомендуется использовать предыдущие 2 пункта настройки для повышения производительности)": []
      },
      "Кол-во экономики, которое выдается за убийство NPC": {
        "Economics": 0.0,
        "Server Rewards (минимум 1)": 0,
        "IQEconomic (минимум 1)": 0
      },
      "Тип появления (0 - рандомное; 1 - собственный список) (не используется для Road и Biome)": 1,
      "Собственный список расположений (не используется для Road и Biome)": [
        "(0.00, 0.00, 0.00)",
        "(-4.65, 0.00, -6.32)",
        "(-12.10, 0.00, -8.65)",
        "(-16.09, 0.04, -4.40)",
        "(-20.89, 0.00, -1.39)",
        "(-27.88, 0.00, -3.01)",
        "(-31.25, 0.00, -8.71)",
        "(-33.50, 0.00, -14.86)",
        "(-32.44, 0.07, -19.60)",
        "(-21.36, 0.00, -20.55)",
        "(-16.47, 0.00, -27.97)",
        "(-15.66, 0.21, -35.48)",
        "(-17.58, 0.20, -42.54)",
        "(-6.30, -0.43, -48.40)",
        "(2.56, -0.80, -49.77)",
        "(10.52, -0.87, -48.39)",
        "(20.46, -1.04, -47.90)",
        "(28.18, 0.08, -44.61)",
        "(33.29, -1.31, -38.39)",
        "(30.58, 0.00, -28.09)",
        "(30.37, 0.00, -17.03)",
        "(26.66, 0.00, -11.05)",
        "(20.81, 0.00, -1.08)",
        "(17.96, -1.41, 15.87)",
        "(9.21, -1.43, 17.25)",
        "(-2.24, -1.34, 17.46)",
        "(-11.86, -1.33, 18.73)",
        "(-18.71, -1.42, 18.15)",
        "(4.91, 0.00, -15.61)",
        "(5.70, 0.00, -23.17)",
        "(16.12, 0.00, -23.81)",
        "(23.95, 0.00, -18.52)",
        "(14.45, 0.00, -15.38)"
      ],
      "Должен ли Npc убегать на место своего появления, если он находится ниже уровня океана? [true/false]": false,
      "Тип навигационной сетки (0 - используется в основном на острове, 1 - используется в основном под водой или землей, а также за пределами карты, может использоваться на некоторых монументах)": 0,
      "Путь к ящику, который появляется на месте смерти (empty - not used)": "",
      "Какую таблицу предметов необходимо использовать? (0 - стандартную; 1 - собственную; 2 - AlphaLoot; 3 - CustomLoot; 4 - таблица предметов объектов Rust; 5 - совместить 1 и 4 методы)": 4,
      "Таблица предметов из prefab-ов (если тип таблицы предметов - 4 или 5)": {
        "Минимальное кол-во prefab-ов": 1,
        "Максимальное кол-во prefab-ов": 1,
        "Использовать минимальное и максимальное значение? [true/false]": true,
        "Список prefab-ов": [
          {
            "Шанс выпадения [0.0-100.0]": 100.0,
            "Путь к prefab-у": "assets/rust.ai/agents/npcplayer/humannpc/scientist/scientistnpc_oilrig.prefab"
          }
        ]
      },
      "Собственная таблица предметов (если тип таблицы предметов - 1 или 5)": {
        "Минимальное кол-во элементов": 1,
        "Максимальное кол-во элементов": 1,
        "Использовать минимальное и максимальное значение? [true/false]": true,
        "Список предметов": [
          {
            "ShortName": "scrap",
            "Минимальное кол-во": 100,
            "Максимальное кол-во": 200,
            "Шанс выпадения предмета [0.0-100.0]": 50.0,
            "Это чертеж? [true/false]": false,
            "SkinID (0 - default)": 0,
            "Название (empty - default)": ""
          }
        ]
      }
    }
  ]
}