{
  "Идентификатор": "",
  "Включен? [true/false]": true,
  "Позиция": "(-461.98, 75.86, -183.31)",
  "Вращение": "(0.00, 0.00, 0.00)",
  "Радиус": 20.0,
  "Удалить других NPC? [true/false]": true,
  "Наборы NPC": [
    {
      "Включен? [true/false]": true,
      "Минимальное кол-во днем": 3,
      "Максимальное кол-во днем": 4,
      "Минимальное кол-во ночью": 3,
      "Максимальное кол-во ночью": 4,
      "Настройки NPC": {
        "Названия": [
          "Bandit"
        ],
        "Кол-во ХП": 200.0,
        "Дальность патрулирования местности": 10.0,
        "Дальность погони за целью": 100.0,
        "Множитель радиуса атаки": 1.0,
        "Радиус обнаружения цели": 50.0,
        "Длительность памяти цели [sec.]": 10.0,
        "Множитель урона": 2.0,
        "Множитель разброса": 1.0,
        "Обнаруживать цель только в углу обзора NPC? [true/false]": false,
        "Угол обзора": 135.0,
        "Скорость": 7.5,
        "Минимальное время появления после смерти (не используется для Events) [sec.]": 600.0,
        "Максимальное время появления после смерти (не используется для Events) [sec.]": 900.0,
        "Отключать эффекты рации? [true/false]": false,
        "Это стационарный NPC? [true/false]": false,
        "Удалять труп после смерти? (рекомендуется использовать значение true для повышения производительности) [true/false]": true,
        "Одежда": [
          {
            "ShortName": "hat.boonie",
            "SkinID (0 - default)": 1275532550
          },
          {
            "ShortName": "hoodie",
            "SkinID (0 - default)": 1275521888
          },
          {
            "ShortName": "pants",
            "SkinID (0 - default)": 1277403128
          },
          {
            "ShortName": "shoes.boots",
            "SkinID (0 - default)": 1103165033
          },
          {
            "ShortName": "mask.bandana",
            "SkinID (0 - default)": 1623665052
          },
          {
            "ShortName": "burlap.gloves",
            "SkinID (0 - default)": 1113475533
          }
        ],
        "Быстрые слоты": [
          {
            "ShortName": "pistol.revolver",
            "Кол-во": 1,
            "SkinID (0 - default)": 0,
            "Модификации на оружие": [
              "weapon.mod.flashlight"
            ],
            "Боеприпасы": ""
          }
        ],
        "Kits (рекомендуется использовать предыдущие 2 пункта настройки для повышения производительности)": []
      },
      "Кол-во экономики, которое выдается за убийство NPC": {
        "Economics": 0.0,
        "Server Rewards (минимум 1)": 0,
        "IQEconomic (минимум 1)": 0
      },
      "Тип появления (0 - рандомное; 1 - собственный список) (не используется для Road и Biome)": 1,
      "Собственный список расположений (не используется для Road и Biome)": [
        "(4.12, 0.12, -4.52)",
        "(25.11, 0.22, -18.75)",
        "(41.36, 0.53, 5.00)",
        "(20.78, 0.41, 26.04)",
        "(11.30, 5.21, 1.14)",
        "(27.33, 5.21, -7.24)",
        "(25.45, 8.17, -9.88)",
        "(15.67, 8.19, 0.16)",
        "(17.02, 15.54, 1.44)",
        "(15.08, 15.53, -3.64)",
        "(22.44, 15.53, -3.14)",
        "(21.58, 15.53, -6.73)",
        "(19.02, 21.89, -6.59)",
        "(16.29, 20.89, -0.19)",
        "(13.15, 23.07, -5.35)",
        "(20.82, 25.89, -6.19)"
      ],
      "Должен ли Npc убегать на место своего появления, если он находится ниже уровня океана? [true/false]": false,
      "Тип навигационной сетки (0 - используется в основном на острове, 1 - используется в основном под водой или землей, а также за пределами карты, может использоваться на некоторых монументах)": 0,
      "Путь к ящику, который появляется на месте смерти (empty - not used)": "",
      "Какую таблицу предметов необходимо использовать? (0 - стандартную; 1 - собственную; 2 - AlphaLoot; 3 - CustomLoot; 4 - таблица предметов объектов Rust; 5 - совместить 1 и 4 методы)": 4,
      "Таблица предметов из prefab-ов (если тип таблицы предметов - 4 или 5)": {
        "Минимальное кол-во prefab-ов": 1,
        "Максимальное кол-во prefab-ов": 1,
        "Использовать минимальное и максимальное значение? [true/false]": true,
        "Список prefab-ов": [
          {
            "Шанс выпадения [0.0-100.0]": 100.0,
            "Путь к prefab-у": "assets/rust.ai/agents/npcplayer/humannpc/scientist/scientistnpc_oilrig.prefab"
          }
        ]
      },
      "Собственная таблица предметов (если тип таблицы предметов - 1 или 5)": {
        "Минимальное кол-во элементов": 1,
        "Максимальное кол-во элементов": 1,
        "Использовать минимальное и максимальное значение? [true/false]": true,
        "Список предметов": [
          {
            "ShortName": "scrap",
            "Минимальное кол-во": 100,
            "Максимальное кол-во": 200,
            "Шанс выпадения предмета [0.0-100.0]": 50.0,
            "Это чертеж? [true/false]": false,
            "SkinID (0 - default)": 0,
            "Название (empty - default)": ""
          }
        ]
      }
    }
  ]
}