{
  "Идентификатор": "",
  "Включен? [true/false]": true,
  "Позиция": "(863.97, 7.64, -1242.54)",
  "Вращение": "(0.00, 0.00, 0.00)",
  "Радиус": 20.0,
  "Удалить других NPC? [true/false]": true,
  "Наборы NPC": [
    {
      "Включен? [true/false]": true,
      "Минимальное кол-во днем": 5,
      "Максимальное кол-во днем": 6,
      "Минимальное кол-во ночью": 5,
      "Максимальное кол-во ночью": 6,
      "Настройки NPC": {
        "Названия": [
          "Bandit"
        ],
        "Кол-во ХП": 200.0,
        "Дальность патрулирования местности": 10.0,
        "Дальность погони за целью": 100.0,
        "Множитель радиуса атаки": 1.0,
        "Радиус обнаружения цели": 50.0,
        "Длительность памяти цели [sec.]": 10.0,
        "Множитель урона": 2.0,
        "Множитель разброса": 1.0,
        "Обнаруживать цель только в углу обзора NPC? [true/false]": false,
        "Угол обзора": 135.0,
        "Скорость": 7.5,
        "Минимальное время появления после смерти (не используется для Events) [sec.]": 600.0,
        "Максимальное время появления после смерти (не используется для Events) [sec.]": 900.0,
        "Отключать эффекты рации? [true/false]": false,
        "Это стационарный NPC? [true/false]": false,
        "Удалять труп после смерти? (рекомендуется использовать значение true для повышения производительности) [true/false]": true,
        "Одежда": [
          {
            "ShortName": "santabeard",
            "SkinID (0 - default)": 0
          },
          {
            "ShortName": "burlap.shirt",
            "SkinID (0 - default)": 1107011878
          },
          {
            "ShortName": "pants",
            "SkinID (0 - default)": 1107010382
          },
          {
            "ShortName": "shoes.boots",
            "SkinID (0 - default)": 0
          }
        ],
        "Быстрые слоты": [
          {
            "ShortName": "smg.thompson",
            "Кол-во": 1,
            "SkinID (0 - default)": 0,
            "Модификации на оружие": [
              "weapon.mod.flashlight"
            ],
            "Боеприпасы": ""
          }
        ],
        "Kits (рекомендуется использовать предыдущие 2 пункта настройки для повышения производительности)": []
      },
      "Кол-во экономики, которое выдается за убийство NPC": {
        "Economics": 0.0,
        "Server Rewards (минимум 1)": 0,
        "IQEconomic (минимум 1)": 0
      },
      "Тип появления (0 - рандомное; 1 - собственный список) (не используется для Road и Biome)": 1,
      "Собственный список расположений (не используется для Road и Biome)": [
        "(0.06, 0.00, -0.11)",
        "(-9.45, -0.02, -4.41)",
        "(-18.03, -0.06, -9.15)",
        "(-22.57, -0.04, -12.08)",
        "(-18.33, -2.98, -11.84)",
        "(-9.12, -2.98, -9.57)",
        "(-14.18, -2.89, 0.86)",
        "(-19.70, -5.96, -7.62)",
        "(-10.10, -5.96, -17.65)",
        "(-3.81, -5.97, -19.11)",
        "(1.89, -5.96, -2.71)",
        "(-5.55, -5.96, 6.86)",
        "(8.09, -5.96, 17.58)",
        "(15.18, -5.97, 12.55)",
        "(22.66, -5.97, 11.39)",
        "(23.81, -5.96, 22.68)",
        "(40.17, -5.98, -21.13)",
        "(22.30, -5.92, -22.51)",
        "(17.23, -5.98, -47.46)",
        "(-17.83, -5.97, -33.34)",
        "(-35.36, -5.97, -22.08)",
        "(-36.20, -5.25, -10.00)",
        "(-29.42, -5.75, 18.07)",
        "(-15.78, -5.73, 32.52)"
      ],
      "Должен ли Npc убегать на место своего появления, если он находится ниже уровня океана? [true/false]": false,
      "Тип навигационной сетки (0 - используется в основном на острове, 1 - используется в основном под водой или землей, а также за пределами карты, может использоваться на некоторых монументах)": 0,
      "Путь к ящику, который появляется на месте смерти (empty - not used)": "",
      "Какую таблицу предметов необходимо использовать? (0 - стандартную; 1 - собственную; 2 - AlphaLoot; 3 - CustomLoot; 4 - таблица предметов объектов Rust; 5 - совместить 1 и 4 методы)": 4,
      "Таблица предметов из prefab-ов (если тип таблицы предметов - 4 или 5)": {
        "Минимальное кол-во prefab-ов": 1,
        "Максимальное кол-во prefab-ов": 1,
        "Использовать минимальное и максимальное значение? [true/false]": true,
        "Список prefab-ов": [
          {
            "Шанс выпадения [0.0-100.0]": 100.0,
            "Путь к prefab-у": "assets/rust.ai/agents/npcplayer/humannpc/scientist/scientistnpc_oilrig.prefab"
          }
        ]
      },
      "Собственная таблица предметов (если тип таблицы предметов - 1 или 5)": {
        "Минимальное кол-во элементов": 1,
        "Максимальное кол-во элементов": 1,
        "Использовать минимальное и максимальное значение? [true/false]": true,
        "Список предметов": [
          {
            "ShortName": "scrap",
            "Минимальное кол-во": 100,
            "Максимальное кол-во": 200,
            "Шанс выпадения предмета [0.0-100.0]": 50.0,
            "Это чертеж? [true/false]": false,
            "SkinID (0 - default)": 0,
            "Название (empty - default)": ""
          }
        ]
      }
    }
  ]
}