{
  "Идентификатор": "",
  "Включен? [true/false]": true,
  "Позиция": "(104.49, 14.26, -372.19)",
  "Вращение": "(0.00, 0.00, 0.00)",
  "Радиус": 20.0,
  "Удалить других NPC? [true/false]": true,
  "Наборы NPC": [
    {
      "Включен? [true/false]": true,
      "Минимальное кол-во днем": 5,
      "Максимальное кол-во днем": 6,
      "Минимальное кол-во ночью": 5,
      "Максимальное кол-во ночью": 6,
      "Настройки NPC": {
        "Названия": [
          "Anarchist"
        ],
        "Кол-во ХП": 200.0,
        "Дальность патрулирования местности": 10.0,
        "Дальность погони за целью": 100.0,
        "Множитель радиуса атаки": 1.0,
        "Радиус обнаружения цели": 50.0,
        "Длительность памяти цели [sec.]": 10.0,
        "Множитель урона": 2.0,
        "Множитель разброса": 1.0,
        "Обнаруживать цель только в углу обзора NPC? [true/false]": false,
        "Угол обзора": 135.0,
        "Скорость": 7.5,
        "Минимальное время появления после смерти (не используется для Events) [sec.]": 600.0,
        "Максимальное время появления после смерти (не используется для Events) [sec.]": 900.0,
        "Отключать эффекты рации? [true/false]": false,
        "Это стационарный NPC? [true/false]": false,
        "Удалять труп после смерти? (рекомендуется использовать значение true для повышения производительности) [true/false]": true,
        "Одежда": [
          {
            "ShortName": "hat.cap",
            "SkinID (0 - default)": 1438103605
          },
          {
            "ShortName": "tshirt",
            "SkinID (0 - default)": 1438102448
          },
          {
            "ShortName": "pants",
            "SkinID (0 - default)": 1438103091
          },
          {
            "ShortName": "shoes.boots",
            "SkinID (0 - default)": 0
          }
        ],
        "Быстрые слоты": [
          {
            "ShortName": "shotgun.pump",
            "Кол-во": 1,
            "SkinID (0 - default)": 0,
            "Модификации на оружие": [
              "weapon.mod.holosight",
              "weapon.mod.flashlight"
            ],
            "Боеприпасы": ""
          }
        ],
        "Kits (рекомендуется использовать предыдущие 2 пункта настройки для повышения производительности)": []
      },
      "Кол-во экономики, которое выдается за убийство NPC": {
        "Economics": 0.0,
        "Server Rewards (минимум 1)": 0,
        "IQEconomic (минимум 1)": 0
      },
      "Тип появления (0 - рандомное; 1 - собственный список) (не используется для Road и Biome)": 1,
      "Собственный список расположений (не используется для Road и Biome)": [
        "(0.33, 0.00, -1.91)",
        "(5.85, 0.00, -13.59)",
        "(14.29, -0.04, -26.13)",
        "(23.98, -0.04, -2.92)",
        "(18.78, -0.02, 12.96)",
        "(11.12, -0.17, 25.45)",
        "(-2.50, -0.08, 35.32)",
        "(-19.85, 0.05, 23.15)",
        "(-33.36, -0.03, 3.91)",
        "(-25.25, -0.03, 1.94)",
        "(-8.83, -0.04, 1.04)",
        "(-7.56, -0.01, 12.79)",
        "(-3.36, -0.01, 17.98)",
        "(6.61, 0.00, 23.38)"
      ],
      "Должен ли Npc убегать на место своего появления, если он находится ниже уровня океана? [true/false]": false,
      "Тип навигационной сетки (0 - используется в основном на острове, 1 - используется в основном под водой или землей, а также за пределами карты, может использоваться на некоторых монументах)": 0,
      "Путь к ящику, который появляется на месте смерти (empty - not used)": "",
      "Какую таблицу предметов необходимо использовать? (0 - стандартную; 1 - собственную; 2 - AlphaLoot; 3 - CustomLoot; 4 - таблица предметов объектов Rust; 5 - совместить 1 и 4 методы)": 4,
      "Таблица предметов из prefab-ов (если тип таблицы предметов - 4 или 5)": {
        "Минимальное кол-во prefab-ов": 1,
        "Максимальное кол-во prefab-ов": 1,
        "Использовать минимальное и максимальное значение? [true/false]": true,
        "Список prefab-ов": [
          {
            "Шанс выпадения [0.0-100.0]": 100.0,
            "Путь к prefab-у": "assets/rust.ai/agents/npcplayer/humannpc/scientist/scientistnpc_oilrig.prefab"
          }
        ]
      },
      "Собственная таблица предметов (если тип таблицы предметов - 1 или 5)": {
        "Минимальное кол-во элементов": 1,
        "Максимальное кол-во элементов": 1,
        "Использовать минимальное и максимальное значение? [true/false]": true,
        "Список предметов": [
          {
            "ShortName": "scrap",
            "Минимальное кол-во": 100,
            "Максимальное кол-во": 200,
            "Шанс выпадения предмета [0.0-100.0]": 50.0,
            "Это чертеж? [true/false]": false,
            "SkinID (0 - default)": 0,
            "Название (empty - default)": ""
          }
        ]
      }
    }
  ]
}