{
  "Идентификатор": "",
  "Включен? [true/false]": true,
  "Позиция": "(-503.20, 49.71, 300.27)",
  "Вращение": "(0.00, 0.00, 0.00)",
  "Радиус": 20.0,
  "Удалить других NPC? [true/false]": true,
  "Наборы NPC": [
    {
      "Включен? [true/false]": true,
      "Минимальное кол-во днем": 4,
      "Максимальное кол-во днем": 5,
      "Минимальное кол-во ночью": 4,
      "Максимальное кол-во ночью": 5,
      "Настройки NPC": {
        "Названия": [
          "Bandit"
        ],
        "Кол-во ХП": 200.0,
        "Дальность патрулирования местности": 10.0,
        "Дальность погони за целью": 100.0,
        "Множитель радиуса атаки": 1.0,
        "Радиус обнаружения цели": 50.0,
        "Длительность памяти цели [sec.]": 10.0,
        "Множитель урона": 2.0,
        "Множитель разброса": 1.0,
        "Обнаруживать цель только в углу обзора NPC? [true/false]": false,
        "Угол обзора": 135.0,
        "Скорость": 7.5,
        "Минимальное время появления после смерти (не используется для Events) [sec.]": 600.0,
        "Максимальное время появления после смерти (не используется для Events) [sec.]": 900.0,
        "Отключать эффекты рации? [true/false]": false,
        "Это стационарный NPC? [true/false]": false,
        "Удалять труп после смерти? (рекомендуется использовать значение true для повышения производительности) [true/false]": true,
        "Одежда": [
          {
            "ShortName": "burlap.headwrap",
            "SkinID (0 - default)": 839348272
          },
          {
            "ShortName": "burlap.shirt",
            "SkinID (0 - default)": 1170613745
          },
          {
            "ShortName": "burlap.trousers",
            "SkinID (0 - default)": 1170617392
          },
          {
            "ShortName": "burlap.shoes",
            "SkinID (0 - default)": 1170611034
          }
        ],
        "Быстрые слоты": [
          {
            "ShortName": "shotgun.pump",
            "Кол-во": 1,
            "SkinID (0 - default)": 0,
            "Модификации на оружие": [
              "weapon.mod.flashlight"
            ],
            "Боеприпасы": ""
          }
        ],
        "Kits (рекомендуется использовать предыдущие 2 пункта настройки для повышения производительности)": []
      },
      "Кол-во экономики, которое выдается за убийство NPC": {
        "Economics": 0.0,
        "Server Rewards (минимум 1)": 0,
        "IQEconomic (минимум 1)": 0
      },
      "Тип появления (0 - рандомное; 1 - собственный список) (не используется для Road и Biome)": 1,
      "Собственный список расположений (не используется для Road и Biome)": [
        "(1.97, 0.14, 2.43)",
        "(7.12, 0.50, 12.14)",
        "(-9.47, -0.48, -13.89)",
        "(-2.63, -0.55, -19.51)",
        "(9.41, -0.73, -24.40)",
        "(24.37, -0.73, -12.88)",
        "(45.34, -1.23, 10.41)",
        "(29.29, -0.70, 19.24)",
        "(24.89, -0.42, 9.21)",
        "(19.20, -0.71, -2.86)",
        "(20.65, -0.19, -25.34)",
        "(5.34, -0.73, -35.46)",
        "(-4.15, -0.69, -47.15)"
      ],
      "Должен ли Npc убегать на место своего появления, если он находится ниже уровня океана? [true/false]": false,
      "Тип навигационной сетки (0 - используется в основном на острове, 1 - используется в основном под водой или землей, а также за пределами карты, может использоваться на некоторых монументах)": 0,
      "Путь к ящику, который появляется на месте смерти (empty - not used)": "",
      "Какую таблицу предметов необходимо использовать? (0 - стандартную; 1 - собственную; 2 - AlphaLoot; 3 - CustomLoot; 4 - таблица предметов объектов Rust; 5 - совместить 1 и 4 методы)": 4,
      "Таблица предметов из prefab-ов (если тип таблицы предметов - 4 или 5)": {
        "Минимальное кол-во prefab-ов": 1,
        "Максимальное кол-во prefab-ов": 1,
        "Использовать минимальное и максимальное значение? [true/false]": true,
        "Список prefab-ов": [
          {
            "Шанс выпадения [0.0-100.0]": 100.0,
            "Путь к prefab-у": "assets/rust.ai/agents/npcplayer/humannpc/scientist/scientistnpc_oilrig.prefab"
          }
        ]
      },
      "Собственная таблица предметов (если тип таблицы предметов - 1 или 5)": {
        "Минимальное кол-во элементов": 1,
        "Максимальное кол-во элементов": 1,
        "Использовать минимальное и максимальное значение? [true/false]": true,
        "Список предметов": [
          {
            "ShortName": "scrap",
            "Минимальное кол-во": 100,
            "Максимальное кол-во": 200,
            "Шанс выпадения предмета [0.0-100.0]": 50.0,
            "Это чертеж? [true/false]": false,
            "SkinID (0 - default)": 0,
            "Название (empty - default)": ""
          }
        ]
      }
    }
  ]
}