{
  "Идентификатор": "",
  "Включен? [true/false]": true,
  "Позиция": "(-215.14, 19.14, 262.73)",
  "Вращение": "(0.00, 0.00, 0.00)",
  "Радиус": 20.0,
  "Удалить других NPC? [true/false]": true,
  "Наборы NPC": [
    {
      "Включен? [true/false]": true,
      "Минимальное кол-во днем": 12,
      "Максимальное кол-во днем": 14,
      "Минимальное кол-во ночью": 11,
      "Максимальное кол-во ночью": 12,
      "Настройки NPC": {
        "Названия": [
          "Anarchist"
        ],
        "Кол-во ХП": 200.0,
        "Дальность патрулирования местности": 10.0,
        "Дальность погони за целью": 100.0,
        "Множитель радиуса атаки": 1.0,
        "Радиус обнаружения цели": 50.0,
        "Длительность памяти цели [sec.]": 10.0,
        "Множитель урона": 2.0,
        "Множитель разброса": 1.0,
        "Обнаруживать цель только в углу обзора NPC? [true/false]": false,
        "Угол обзора": 135.0,
        "Скорость": 7.5,
        "Минимальное время появления после смерти (не используется для Events) [sec.]": 600.0,
        "Максимальное время появления после смерти (не используется для Events) [sec.]": 900.0,
        "Отключать эффекты рации? [true/false]": false,
        "Это стационарный NPC? [true/false]": false,
        "Удалять труп после смерти? (рекомендуется использовать значение true для повышения производительности) [true/false]": true,
        "Одежда": [
          {
            "ShortName": "hat.cap",
            "SkinID (0 - default)": 1438099585
          },
          {
            "ShortName": "tshirt",
            "SkinID (0 - default)": 1438098022
          },
          {
            "ShortName": "pants",
            "SkinID (0 - default)": 1438098985
          },
          {
            "ShortName": "shoes.boots",
            "SkinID (0 - default)": 0
          }
        ],
        "Быстрые слоты": [
          {
            "ShortName": "shotgun.pump",
            "Кол-во": 1,
            "SkinID (0 - default)": 0,
            "Модификации на оружие": [
              "weapon.mod.flashlight"
            ],
            "Боеприпасы": ""
          }
        ],
        "Kits (рекомендуется использовать предыдущие 2 пункта настройки для повышения производительности)": []
      },
      "Кол-во экономики, которое выдается за убийство NPC": {
        "Economics": 0.0,
        "Server Rewards (минимум 1)": 0,
        "IQEconomic (минимум 1)": 0
      },
      "Тип появления (0 - рандомное; 1 - собственный список) (не используется для Road и Biome)": 1,
      "Собственный список расположений (не используется для Road и Biome)": [
        "(1.63, 0.01, -0.12)",
        "(16.30, 0.00, -0.03)",
        "(33.01, 0.00, -0.55)",
        "(46.75, -0.06, -5.62)",
        "(60.49, 0.02, -16.83)",
        "(68.18, -0.08, -46.91)",
        "(68.97, 0.00, -71.14)",
        "(43.67, -0.07, -79.40)",
        "(16.21, -3.92, -59.23)",
        "(-2.38, -3.85, -47.18)",
        "(-18.03, -3.72, -35.40)",
        "(-47.84, -3.71, -13.98)",
        "(-63.72, -3.76, -5.07)",
        "(-84.53, -3.70, 0.84)",
        "(-119.97, 0.06, -33.78)",
        "(-105.32, 0.04, -35.27)",
        "(-93.95, -0.01, -26.27)",
        "(-82.75, 0.02, -40.78)",
        "(-63.14, 0.02, -45.73)",
        "(-50.32, 0.02, -61.06)",
        "(-41.12, -0.04, -82.47)",
        "(-7.93, -0.61, -101.78)",
        "(3.01, -3.25, -79.15)",
        "(7.91, -3.94, -59.49)",
        "(-29.20, -0.06, -61.42)",
        "(-73.59, -0.12, -60.07)",
        "(-73.61, -0.06, -31.50)",
        "(-77.19, -0.13, -16.67)",
        "(-91.92, -0.01, -26.46)",
        "(-106.79, 0.24, -49.95)",
        "(-127.92, 0.02, -23.46)",
        "(-136.46, -0.22, -28.44)",
        "(-143.94, -0.03, -27.61)",
        "(38.39, -0.12, -98.30)",
        "(53.50, -0.10, -99.97)",
        "(59.34, -0.03, -83.78)",
        "(88.40, -0.06, -32.57)",
        "(55.16, -0.06, 17.44)",
        "(39.48, 0.02, 19.07)",
        "(29.43, -0.01, -16.35)",
        "(11.09, 0.08, 20.13)",
        "(-1.41, -0.06, 24.51)",
        "(-7.18, -0.02, 18.31)",
        "(-30.30, -0.07, 17.20)",
        "(-88.21, 0.09, -21.87)"
      ],
      "Должен ли Npc убегать на место своего появления, если он находится ниже уровня океана? [true/false]": false,
      "Тип навигационной сетки (0 - используется в основном на острове, 1 - используется в основном под водой или землей, а также за пределами карты, может использоваться на некоторых монументах)": 0,
      "Путь к ящику, который появляется на месте смерти (empty - not used)": "",
      "Какую таблицу предметов необходимо использовать? (0 - стандартную; 1 - собственную; 2 - AlphaLoot; 3 - CustomLoot; 4 - таблица предметов объектов Rust; 5 - совместить 1 и 4 методы)": 4,
      "Таблица предметов из prefab-ов (если тип таблицы предметов - 4 или 5)": {
        "Минимальное кол-во prefab-ов": 1,
        "Максимальное кол-во prefab-ов": 1,
        "Использовать минимальное и максимальное значение? [true/false]": true,
        "Список prefab-ов": [
          {
            "Шанс выпадения [0.0-100.0]": 100.0,
            "Путь к prefab-у": "assets/rust.ai/agents/npcplayer/humannpc/scientist/scientistnpc_oilrig.prefab"
          }
        ]
      },
      "Собственная таблица предметов (если тип таблицы предметов - 1 или 5)": {
        "Минимальное кол-во элементов": 1,
        "Максимальное кол-во элементов": 1,
        "Использовать минимальное и максимальное значение? [true/false]": true,
        "Список предметов": [
          {
            "ShortName": "scrap",
            "Минимальное кол-во": 100,
            "Максимальное кол-во": 200,
            "Шанс выпадения предмета [0.0-100.0]": 50.0,
            "Это чертеж? [true/false]": false,
            "SkinID (0 - default)": 0,
            "Название (empty - default)": ""
          }
        ]
      }
    }
  ]
}