{
  "Идентификатор": "",
  "Включен? [true/false]": true,
  "Позиция": "(-167.42, 27.55, 1169.35)",
  "Вращение": "(0.00, 0.00, 0.00)",
  "Радиус": 20.0,
  "Удалить других NPC? [true/false]": true,
  "Наборы NPC": [
    {
      "Включен? [true/false]": true,
      "Минимальное кол-во днем": 4,
      "Максимальное кол-во днем": 5,
      "Минимальное кол-во ночью": 4,
      "Максимальное кол-во ночью": 5,
      "Настройки NPC": {
        "Названия": [
          "Lakeman"
        ],
        "Кол-во ХП": 200.0,
        "Дальность патрулирования местности": 10.0,
        "Дальность погони за целью": 100.0,
        "Множитель радиуса атаки": 1.0,
        "Радиус обнаружения цели": 50.0,
        "Длительность памяти цели [sec.]": 10.0,
        "Множитель урона": 2.0,
        "Множитель разброса": 1.0,
        "Обнаруживать цель только в углу обзора NPC? [true/false]": false,
        "Угол обзора": 135.0,
        "Скорость": 7.5,
        "Минимальное время появления после смерти (не используется для Events) [sec.]": 600.0,
        "Максимальное время появления после смерти (не используется для Events) [sec.]": 900.0,
        "Отключать эффекты рации? [true/false]": false,
        "Это стационарный NPC? [true/false]": false,
        "Удалять труп после смерти? (рекомендуется использовать значение true для повышения производительности) [true/false]": true,
        "Одежда": [
          {
            "ShortName": "burlap.headwrap",
            "SkinID (0 - default)": 947782379
          },
          {
            "ShortName": "hoodie",
            "SkinID (0 - default)": 2131784896
          },
          {
            "ShortName": "pants",
            "SkinID (0 - default)": 2131787171
          },
          {
            "ShortName": "shoes.boots",
            "SkinID (0 - default)": 2138787134
          },
          {
            "ShortName": "metal.plate.torso",
            "SkinID (0 - default)": 2551474093
          },
          {
            "ShortName": "burlap.gloves",
            "SkinID (0 - default)": 2138789508
          }
        ],
        "Быстрые слоты": [
          {
            "ShortName": "shotgun.pump",
            "Кол-во": 1,
            "SkinID (0 - default)": 0,
            "Модификации на оружие": [
              "weapon.mod.flashlight"
            ],
            "Боеприпасы": ""
          }
        ],
        "Kits (рекомендуется использовать предыдущие 2 пункта настройки для повышения производительности)": []
      },
      "Кол-во экономики, которое выдается за убийство NPC": {
        "Economics": 0.0,
        "Server Rewards (минимум 1)": 0,
        "IQEconomic (минимум 1)": 0
      },
      "Тип появления (0 - рандомное; 1 - собственный список) (не используется для Road и Biome)": 1,
      "Собственный список расположений (не используется для Road и Biome)": [
        "(3.23, -0.35, -2.53)",
        "(-4.71, 0.01, -14.03)",
        "(-12.44, -0.05, -7.03)",
        "(-20.54, -0.42, -16.27)",
        "(-13.02, -0.14, -18.36)",
        "(3.19, 1.13, -9.21)",
        "(6.59, 1.10, -13.89)",
        "(2.57, 1.21, 8.53)",
        "(0.33, 1.17, 14.48)",
        "(9.62, -1.21, 12.18)",
        "(15.97, 0.57, 16.60)",
        "(20.61, 0.55, 20.75)",
        "(29.03, 1.80, 14.84)",
        "(37.71, 1.77, 22.08)",
        "(41.29, 1.72, 28.78)",
        "(47.11, 4.88, 28.64)"
      ],
      "Должен ли Npc убегать на место своего появления, если он находится ниже уровня океана? [true/false]": false,
      "Тип навигационной сетки (0 - используется в основном на острове, 1 - используется в основном под водой или землей, а также за пределами карты, может использоваться на некоторых монументах)": 0,
      "Путь к ящику, который появляется на месте смерти (empty - not used)": "",
      "Какую таблицу предметов необходимо использовать? (0 - стандартную; 1 - собственную; 2 - AlphaLoot; 3 - CustomLoot; 4 - таблица предметов объектов Rust; 5 - совместить 1 и 4 методы)": 4,
      "Таблица предметов из prefab-ов (если тип таблицы предметов - 4 или 5)": {
        "Минимальное кол-во prefab-ов": 1,
        "Максимальное кол-во prefab-ов": 1,
        "Использовать минимальное и максимальное значение? [true/false]": true,
        "Список prefab-ов": [
          {
            "Шанс выпадения [0.0-100.0]": 100.0,
            "Путь к prefab-у": "assets/rust.ai/agents/npcplayer/humannpc/scientist/scientistnpc_oilrig.prefab"
          }
        ]
      },
      "Собственная таблица предметов (если тип таблицы предметов - 1 или 5)": {
        "Минимальное кол-во элементов": 1,
        "Максимальное кол-во элементов": 1,
        "Использовать минимальное и максимальное значение? [true/false]": true,
        "Список предметов": [
          {
            "ShortName": "scrap",
            "Минимальное кол-во": 100,
            "Максимальное кол-во": 200,
            "Шанс выпадения предмета [0.0-100.0]": 50.0,
            "Это чертеж? [true/false]": false,
            "SkinID (0 - default)": 0,
            "Название (empty - default)": ""
          }
        ]
      }
    }
  ]
}