{
  "Идентификатор": "",
  "Включен? [true/false]": true,
  "Позиция": "(-34.71, 149.35, 26.59)",
  "Вращение": "(0.00, 0.00, 0.00)",
  "Радиус": 20.0,
  "Удалить других NPC? [true/false]": true,
  "Наборы NPC": [
    {
      "Включен? [true/false]": true,
      "Минимальное кол-во днем": 3,
      "Максимальное кол-во днем": 4,
      "Минимальное кол-во ночью": 3,
      "Максимальное кол-во ночью": 4,
      "Настройки NPC": {
        "Названия": [
          "Mad Ghost"
        ],
        "Кол-во ХП": 300.0,
        "Дальность патрулирования местности": 10.0,
        "Дальность погони за целью": 100.0,
        "Множитель радиуса атаки": 1.0,
        "Радиус обнаружения цели": 50.0,
        "Длительность памяти цели [sec.]": 10.0,
        "Множитель урона": 2.0,
        "Множитель разброса": 1.0,
        "Обнаруживать цель только в углу обзора NPC? [true/false]": false,
        "Угол обзора": 135.0,
        "Скорость": 7.5,
        "Минимальное время появления после смерти (не используется для Events) [sec.]": 600.0,
        "Максимальное время появления после смерти (не используется для Events) [sec.]": 900.0,
        "Отключать эффекты рации? [true/false]": true,
        "Это стационарный NPC? [true/false]": false,
        "Удалять труп после смерти? (рекомендуется использовать значение true для повышения производительности) [true/false]": true,
        "Одежда": [
          {
            "ShortName": "frankensteins.monster.02.head",
            "SkinID (0 - default)": 0
          },
          {
            "ShortName": "frankensteins.monster.02.legs",
            "SkinID (0 - default)": 0
          },
          {
            "ShortName": "frankensteins.monster.02.torso",
            "SkinID (0 - default)": 0
          }
        ],
        "Быстрые слоты": [
          {
            "ShortName": "mace",
            "Кол-во": 1,
            "SkinID (0 - default)": 0,
            "Модификации на оружие": [],
            "Боеприпасы": ""
          }
        ],
        "Kits (рекомендуется использовать предыдущие 2 пункта настройки для повышения производительности)": []
      },
      "Кол-во экономики, которое выдается за убийство NPC": {
        "Economics": 0.0,
        "Server Rewards (минимум 1)": 0,
        "IQEconomic (минимум 1)": 0
      },
      "Тип появления (0 - рандомное; 1 - собственный список) (не используется для Road и Biome)": 1,
      "Собственный список расположений (не используется для Road и Biome)": [
        "(-4.33, 0.01, -0.43)",
        "(-14.66, 0.01, -6.89)",
        "(-5.38, 0.00, -10.06)",
        "(4.50, 0.02, 3.39)",
        "(10.79, 0.34, 8.06)",
        "(18.21, 0.13, 13.54)",
        "(29.87, 4.87, 20.81)",
        "(37.79, 9.24, 26.69)",
        "(38.30, 9.26, 32.28)",
        "(35.78, 9.35, 37.42)",
        "(32.95, 9.32, 43.43)",
        "(34.00, 9.24, 51.29)",
        "(40.79, 9.24, 48.69)",
        "(50.90, 10.10, 41.75)",
        "(42.01, 14.94, 35.31)",
        "(36.80, 14.94, 30.37)",
        "(40.01, 14.94, 25.19)",
        "(33.56, 14.93, 20.48)",
        "(26.70, 14.94, 16.04)",
        "(27.36, 14.94, 22.11)",
        "(-21.44, -29.33, 23.77)",
        "(-38.37, -24.48, 6.99)",
        "(-32.94, -20.18, -1.70)",
        "(-25.51, -20.15, -5.45)",
        "(-27.74, -5.18, -4.16)"
      ],
      "Должен ли Npc убегать на место своего появления, если он находится ниже уровня океана? [true/false]": false,
      "Тип навигационной сетки (0 - используется в основном на острове, 1 - используется в основном под водой или землей, а также за пределами карты, может использоваться на некоторых монументах)": 0,
      "Путь к ящику, который появляется на месте смерти (empty - not used)": "",
      "Какую таблицу предметов необходимо использовать? (0 - стандартную; 1 - собственную; 2 - AlphaLoot; 3 - CustomLoot; 4 - таблица предметов объектов Rust; 5 - совместить 1 и 4 методы)": 4,
      "Таблица предметов из prefab-ов (если тип таблицы предметов - 4 или 5)": {
        "Минимальное кол-во prefab-ов": 1,
        "Максимальное кол-во prefab-ов": 1,
        "Использовать минимальное и максимальное значение? [true/false]": true,
        "Список prefab-ов": [
          {
            "Шанс выпадения [0.0-100.0]": 100.0,
            "Путь к prefab-у": "assets/rust.ai/agents/npcplayer/humannpc/scientist/scientistnpc_oilrig.prefab"
          }
        ]
      },
      "Собственная таблица предметов (если тип таблицы предметов - 1 или 5)": {
        "Минимальное кол-во элементов": 1,
        "Максимальное кол-во элементов": 1,
        "Использовать минимальное и максимальное значение? [true/false]": true,
        "Список предметов": [
          {
            "ShortName": "scrap",
            "Минимальное кол-во": 100,
            "Максимальное кол-во": 200,
            "Шанс выпадения предмета [0.0-100.0]": 50.0,
            "Это чертеж? [true/false]": false,
            "SkinID (0 - default)": 0,
            "Название (empty - default)": ""
          }
        ]
      }
    },
    {
      "Включен? [true/false]": true,
      "Минимальное кол-во днем": 3,
      "Максимальное кол-во днем": 4,
      "Минимальное кол-во ночью": 3,
      "Максимальное кол-во ночью": 4,
      "Настройки NPC": {
        "Названия": [
          "Mad Ghost"
        ],
        "Кол-во ХП": 300.0,
        "Дальность патрулирования местности": 10.0,
        "Дальность погони за целью": 100.0,
        "Множитель радиуса атаки": 1.0,
        "Радиус обнаружения цели": 50.0,
        "Длительность памяти цели [sec.]": 10.0,
        "Множитель урона": 2.0,
        "Множитель разброса": 1.0,
        "Обнаруживать цель только в углу обзора NPC? [true/false]": false,
        "Угол обзора": 135.0,
        "Скорость": 7.5,
        "Минимальное время появления после смерти (не используется для Events) [sec.]": 600.0,
        "Максимальное время появления после смерти (не используется для Events) [sec.]": 900.0,
        "Отключать эффекты рации? [true/false]": true,
        "Это стационарный NPC? [true/false]": false,
        "Удалять труп после смерти? (рекомендуется использовать значение true для повышения производительности) [true/false]": true,
        "Одежда": [
          {
            "ShortName": "frankensteins.monster.03.head",
            "SkinID (0 - default)": 0
          },
          {
            "ShortName": "frankensteins.monster.03.legs",
            "SkinID (0 - default)": 0
          },
          {
            "ShortName": "frankensteins.monster.03.torso",
            "SkinID (0 - default)": 0
          }
        ],
        "Быстрые слоты": [
          {
            "ShortName": "mace",
            "Кол-во": 1,
            "SkinID (0 - default)": 0,
            "Модификации на оружие": [],
            "Боеприпасы": ""
          }
        ],
        "Kits (рекомендуется использовать предыдущие 2 пункта настройки для повышения производительности)": []
      },
      "Кол-во экономики, которое выдается за убийство NPC": {
        "Economics": 0.0,
        "Server Rewards (минимум 1)": 0,
        "IQEconomic (минимум 1)": 0
      },
      "Тип появления (0 - рандомное; 1 - собственный список) (не используется для Road и Biome)": 1,
      "Собственный список расположений (не используется для Road и Biome)": [
        "(-4.33, 0.01, -0.43)",
        "(-14.66, 0.01, -6.89)",
        "(-5.38, 0.00, -10.06)",
        "(4.50, 0.02, 3.39)",
        "(10.79, 0.34, 8.06)",
        "(18.21, 0.13, 13.54)",
        "(29.87, 4.87, 20.81)",
        "(37.79, 9.24, 26.69)",
        "(38.30, 9.26, 32.28)",
        "(35.78, 9.35, 37.42)",
        "(32.95, 9.32, 43.43)",
        "(34.00, 9.24, 51.29)",
        "(40.79, 9.24, 48.69)",
        "(50.90, 10.10, 41.75)",
        "(42.01, 14.94, 35.31)",
        "(36.80, 14.94, 30.37)",
        "(40.01, 14.94, 25.19)",
        "(33.56, 14.93, 20.48)",
        "(26.70, 14.94, 16.04)",
        "(27.36, 14.94, 22.11)",
        "(-21.44, -29.33, 23.77)",
        "(-38.37, -24.48, 6.99)",
        "(-32.94, -20.18, -1.70)",
        "(-25.51, -20.15, -5.45)",
        "(-27.74, -5.18, -4.16)"
      ],
      "Должен ли Npc убегать на место своего появления, если он находится ниже уровня океана? [true/false]": false,
      "Тип навигационной сетки (0 - используется в основном на острове, 1 - используется в основном под водой или землей, а также за пределами карты, может использоваться на некоторых монументах)": 0,
      "Путь к ящику, который появляется на месте смерти (empty - not used)": "",
      "Какую таблицу предметов необходимо использовать? (0 - стандартную; 1 - собственную; 2 - AlphaLoot; 3 - CustomLoot; 4 - таблица предметов объектов Rust; 5 - совместить 1 и 4 методы)": 4,
      "Таблица предметов из prefab-ов (если тип таблицы предметов - 4 или 5)": {
        "Минимальное кол-во prefab-ов": 1,
        "Максимальное кол-во prefab-ов": 1,
        "Использовать минимальное и максимальное значение? [true/false]": true,
        "Список prefab-ов": [
          {
            "Шанс выпадения [0.0-100.0]": 100.0,
            "Путь к prefab-у": "assets/rust.ai/agents/npcplayer/humannpc/scientist/scientistnpc_oilrig.prefab"
          }
        ]
      },
      "Собственная таблица предметов (если тип таблицы предметов - 1 или 5)": {
        "Минимальное кол-во элементов": 1,
        "Максимальное кол-во элементов": 1,
        "Использовать минимальное и максимальное значение? [true/false]": true,
        "Список предметов": [
          {
            "ShortName": "scrap",
            "Минимальное кол-во": 100,
            "Максимальное кол-во": 200,
            "Шанс выпадения предмета [0.0-100.0]": 50.0,
            "Это чертеж? [true/false]": false,
            "SkinID (0 - default)": 0,
            "Название (empty - default)": ""
          }
        ]
      }
    }
  ]
}