{
  "ID": "",
  "Enabled? [true/false]": true,
  "Position": "(-167.42, 27.55, 1169.35)",
  "Rotation": "(0.00, 0.00, 0.00)",
  "Radius": 20.0,
  "Remove other NPCs? [true/false]": true,
  "Presets": [
    {
      "Enabled? [true/false]": true,
      "Minimum numbers - Day": 4,
      "Maximum numbers - Day": 5,
      "Minimum numbers - Night": 4,
      "Maximum numbers - Night": 5,
      "NPCs setting": {
        "Names": [
          "Lakeman"
        ],
        "Health": 200.0,
        "Roam Range": 10.0,
        "Chase Range": 100.0,
        "Attack Range Multiplier": 1.0,
        "Sense Range": 50.0,
        "Target Memory Duration [sec.]": 10.0,
        "Scale damage": 2.0,
        "Aim Cone Scale": 1.0,
        "Detect the target only in the NPC's viewing vision cone? [true/false]": false,
        "Vision Cone": 135.0,
        "Speed": 7.5,
        "Minimum time of appearance after death (not used for Events) [sec.]": 600.0,
        "Maximum time of appearance after death (not used for Events) [sec.]": 900.0,
        "Disable radio effects? [true/false]": false,
        "Is this a stationary NPC? [true/false]": false,
        "Remove a corpse after death? (it is recommended to use the true value to improve performance) [true/false]": true,
        "Wear items": [
          {
            "ShortName": "burlap.headwrap",
            "SkinID (0 - default)": 947782379
          },
          {
            "ShortName": "hoodie",
            "SkinID (0 - default)": 2131784896
          },
          {
            "ShortName": "pants",
            "SkinID (0 - default)": 2131787171
          },
          {
            "ShortName": "shoes.boots",
            "SkinID (0 - default)": 2138787134
          },
          {
            "ShortName": "metal.plate.torso",
            "SkinID (0 - default)": 2551474093
          },
          {
            "ShortName": "burlap.gloves",
            "SkinID (0 - default)": 2138789508
          }
        ],
        "Belt items": [
          {
            "ShortName": "shotgun.pump",
            "Amount": 1,
            "SkinID (0 - default)": 0,
            "Mods": [
              "weapon.mod.flashlight"
            ],
            "Ammo": ""
          }
        ],
        "Kits (it is recommended to use the previous 2 settings to improve performance)": []
      },
      "The amount of economics that is given for killing the NPC": {
        "Economics": 0.0,
        "Server Rewards (minimum 1)": 0,
        "IQEconomic (minimum 1)": 0
      },
      "Type of appearance (0 - random; 1 - own list) (not used for Road and Biome)": 1,
      "Own list of locations (not used for Road and Biome)": [
        "(3.23, -0.35, -2.53)",
        "(-4.71, 0.01, -14.03)",
        "(-12.44, -0.05, -7.03)",
        "(-20.54, -0.42, -16.27)",
        "(-13.02, -0.14, -18.36)",
        "(3.19, 1.13, -9.21)",
        "(6.59, 1.10, -13.89)",
        "(2.57, 1.21, 8.53)",
        "(0.33, 1.17, 14.48)",
        "(9.62, -1.21, 12.18)",
        "(15.97, 0.57, 16.60)",
        "(20.61, 0.55, 20.75)",
        "(29.03, 1.80, 14.84)",
        "(37.71, 1.77, 22.08)",
        "(41.29, 1.72, 28.78)",
        "(47.11, 4.88, 28.64)"
      ],
      "If the NPC ends up below ocean sea level, should the NPC return to it's place of appearance? [true/false]": false,
      "Type of navigation grid (0 - used mainly on the island, 1 - used mainly under water or under land, as well as outside the map, can be used on some monuments)": 0,
      "The path to the crate that appears at the place of death (empty - not used)": "",
      "Which loot table should the plugin use? (0 - default; 1 - own; 2 - AlphaLoot; 3 - CustomLoot; 4 - loot table of the Rust objects; 5 - combine the 1 and 4 methods)": 4,
      "Loot table from prefabs (if the loot table type is 4 or 5)": {
        "Minimum numbers of prefabs": 1,
        "Maximum numbers of prefabs": 1,
        "Use minimum and maximum values? [true/false]": true,
        "List of prefabs": [
          {
            "Chance [0.0-100.0]": 100.0,
            "The path to the prefab": "assets/rust.ai/agents/npcplayer/humannpc/scientist/scientistnpc_oilrig.prefab"
          }
        ]
      },
      "Own loot table (if the loot table type is 1 or 5)": {
        "Minimum numbers of items": 1,
        "Maximum numbers of items": 1,
        "Use minimum and maximum values? [true/false]": true,
        "List of items": [
          {
            "ShortName": "scrap",
            "Minimum": 100,
            "Maximum": 200,
            "Chance [0.0-100.0]": 50.0,
            "Is this a blueprint? [true/false]": false,
            "SkinID (0 - default)": 0,
            "Name (empty - default)": ""
          }
        ]
      }
    }
  ]
}