{
  "ID": "",
  "Enabled? [true/false]": true,
  "Position": "(1350.49, 10.29, 1420.27)",
  "Rotation": "(0.00, 0.00, 0.00)",
  "Radius": 20.0,
  "Remove other NPCs? [true/false]": true,
  "Presets": [
    {
      "Enabled? [true/false]": true,
      "Minimum numbers - Day": 6,
      "Maximum numbers - Day": 8,
      "Minimum numbers - Night": 6,
      "Maximum numbers - Night": 8,
      "NPCs setting": {
        "Names": [
          "Bandit"
        ],
        "Health": 200.0,
        "Roam Range": 10.0,
        "Chase Range": 100.0,
        "Attack Range Multiplier": 1.0,
        "Sense Range": 50.0,
        "Target Memory Duration [sec.]": 10.0,
        "Scale damage": 2.0,
        "Aim Cone Scale": 1.0,
        "Detect the target only in the NPC's viewing vision cone? [true/false]": false,
        "Vision Cone": 135.0,
        "Speed": 7.5,
        "Minimum time of appearance after death (not used for Events) [sec.]": 600.0,
        "Maximum time of appearance after death (not used for Events) [sec.]": 900.0,
        "Disable radio effects? [true/false]": false,
        "Is this a stationary NPC? [true/false]": false,
        "Remove a corpse after death? (it is recommended to use the true value to improve performance) [true/false]": true,
        "Wear items": [
          {
            "ShortName": "burlap.headwrap",
            "SkinID (0 - default)": 947782379
          },
          {
            "ShortName": "hoodie",
            "SkinID (0 - default)": 2131784896
          },
          {
            "ShortName": "pants",
            "SkinID (0 - default)": 2131787171
          },
          {
            "ShortName": "shoes.boots",
            "SkinID (0 - default)": 2138787134
          },
          {
            "ShortName": "metal.plate.torso",
            "SkinID (0 - default)": 2551474093
          },
          {
            "ShortName": "burlap.gloves",
            "SkinID (0 - default)": 2138789508
          }
        ],
        "Belt items": [
          {
            "ShortName": "smg.thompson",
            "Amount": 1,
            "SkinID (0 - default)": 0,
            "Mods": [
              "weapon.mod.flashlight"
            ],
            "Ammo": ""
          }
        ],
        "Kits (it is recommended to use the previous 2 settings to improve performance)": []
      },
      "The amount of economics that is given for killing the NPC": {
        "Economics": 0.0,
        "Server Rewards (minimum 1)": 0,
        "IQEconomic (minimum 1)": 0
      },
      "Type of appearance (0 - random; 1 - own list) (not used for Road and Biome)": 1,
      "Own list of locations (not used for Road and Biome)": [
        "(0.45, 0.00, 0.33)",
        "(-5.87, 0.25, 9.45)",
        "(-12.86, 1.52, 16.31)",
        "(-23.52, 3.44, 20.42)",
        "(-26.49, 4.09, 28.72)",
        "(-29.18, 4.03, 40.76)",
        "(-20.41, 3.97, 52.36)",
        "(-10.46, 3.53, 55.20)",
        "(1.54, 2.12, 59.02)",
        "(5.87, 1.56, 53.35)",
        "(17.04, 0.06, 42.97)",
        "(25.78, -0.25, 34.87)",
        "(25.12, 0.01, 26.36)",
        "(17.11, 0.17, 19.66)",
        "(7.52, 0.03, 9.95)",
        "(2.81, 0.00, 1.28)",
        "(-3.89, 0.02, -7.44)",
        "(-12.38, 0.44, -13.34)",
        "(-22.15, 2.59, -16.36)",
        "(-27.33, 3.81, -16.04)"
      ],
      "If the NPC ends up below ocean sea level, should the NPC return to it's place of appearance? [true/false]": false,
      "Type of navigation grid (0 - used mainly on the island, 1 - used mainly under water or under land, as well as outside the map, can be used on some monuments)": 0,
      "The path to the crate that appears at the place of death (empty - not used)": "",
      "Which loot table should the plugin use? (0 - default; 1 - own; 2 - AlphaLoot; 3 - CustomLoot; 4 - loot table of the Rust objects; 5 - combine the 1 and 4 methods)": 4,
      "Loot table from prefabs (if the loot table type is 4 or 5)": {
        "Minimum numbers of prefabs": 1,
        "Maximum numbers of prefabs": 1,
        "Use minimum and maximum values? [true/false]": true,
        "List of prefabs": [
          {
            "Chance [0.0-100.0]": 100.0,
            "The path to the prefab": "assets/rust.ai/agents/npcplayer/humannpc/scientist/scientistnpc_oilrig.prefab"
          }
        ]
      },
      "Own loot table (if the loot table type is 1 or 5)": {
        "Minimum numbers of items": 1,
        "Maximum numbers of items": 1,
        "Use minimum and maximum values? [true/false]": true,
        "List of items": [
          {
            "ShortName": "scrap",
            "Minimum": 100,
            "Maximum": 200,
            "Chance [0.0-100.0]": 50.0,
            "Is this a blueprint? [true/false]": false,
            "SkinID (0 - default)": 0,
            "Name (empty - default)": ""
          }
        ]
      }
    }
  ]
}