{
  "ID": "",
  "Enabled? [true/false]": true,
  "Position": "(-503.20, 49.71, 300.27)",
  "Rotation": "(0.00, 0.00, 0.00)",
  "Radius": 20.0,
  "Remove other NPCs? [true/false]": true,
  "Presets": [
    {
      "Enabled? [true/false]": true,
      "Minimum numbers - Day": 4,
      "Maximum numbers - Day": 5,
      "Minimum numbers - Night": 4,
      "Maximum numbers - Night": 5,
      "NPCs setting": {
        "Names": [
          "Bandit"
        ],
        "Health": 200.0,
        "Roam Range": 10.0,
        "Chase Range": 100.0,
        "Attack Range Multiplier": 1.0,
        "Sense Range": 50.0,
        "Target Memory Duration [sec.]": 10.0,
        "Scale damage": 2.0,
        "Aim Cone Scale": 1.0,
        "Detect the target only in the NPC's viewing vision cone? [true/false]": false,
        "Vision Cone": 135.0,
        "Speed": 7.5,
        "Minimum time of appearance after death (not used for Events) [sec.]": 600.0,
        "Maximum time of appearance after death (not used for Events) [sec.]": 900.0,
        "Disable radio effects? [true/false]": false,
        "Is this a stationary NPC? [true/false]": false,
        "Remove a corpse after death? (it is recommended to use the true value to improve performance) [true/false]": true,
        "Wear items": [
          {
            "ShortName": "burlap.headwrap",
            "SkinID (0 - default)": 839348272
          },
          {
            "ShortName": "burlap.shirt",
            "SkinID (0 - default)": 1170613745
          },
          {
            "ShortName": "burlap.trousers",
            "SkinID (0 - default)": 1170617392
          },
          {
            "ShortName": "burlap.shoes",
            "SkinID (0 - default)": 1170611034
          }
        ],
        "Belt items": [
          {
            "ShortName": "shotgun.pump",
            "Amount": 1,
            "SkinID (0 - default)": 0,
            "Mods": [
              "weapon.mod.flashlight"
            ],
            "Ammo": ""
          }
        ],
        "Kits (it is recommended to use the previous 2 settings to improve performance)": []
      },
      "The amount of economics that is given for killing the NPC": {
        "Economics": 0.0,
        "Server Rewards (minimum 1)": 0,
        "IQEconomic (minimum 1)": 0
      },
      "Type of appearance (0 - random; 1 - own list) (not used for Road and Biome)": 1,
      "Own list of locations (not used for Road and Biome)": [
        "(1.97, 0.14, 2.43)",
        "(7.12, 0.50, 12.14)",
        "(-9.47, -0.48, -13.89)",
        "(-2.63, -0.55, -19.51)",
        "(9.41, -0.73, -24.40)",
        "(24.37, -0.73, -12.88)",
        "(45.34, -1.23, 10.41)",
        "(29.29, -0.70, 19.24)",
        "(24.89, -0.42, 9.21)",
        "(19.20, -0.71, -2.86)",
        "(20.65, -0.19, -25.34)",
        "(5.34, -0.73, -35.46)",
        "(-4.15, -0.69, -47.15)"
      ],
      "If the NPC ends up below ocean sea level, should the NPC return to it's place of appearance? [true/false]": false,
      "Type of navigation grid (0 - used mainly on the island, 1 - used mainly under water or under land, as well as outside the map, can be used on some monuments)": 0,
      "The path to the crate that appears at the place of death (empty - not used)": "",
      "Which loot table should the plugin use? (0 - default; 1 - own; 2 - AlphaLoot; 3 - CustomLoot; 4 - loot table of the Rust objects; 5 - combine the 1 and 4 methods)": 4,
      "Loot table from prefabs (if the loot table type is 4 or 5)": {
        "Minimum numbers of prefabs": 1,
        "Maximum numbers of prefabs": 1,
        "Use minimum and maximum values? [true/false]": true,
        "List of prefabs": [
          {
            "Chance [0.0-100.0]": 100.0,
            "The path to the prefab": "assets/rust.ai/agents/npcplayer/humannpc/scientist/scientistnpc_oilrig.prefab"
          }
        ]
      },
      "Own loot table (if the loot table type is 1 or 5)": {
        "Minimum numbers of items": 1,
        "Maximum numbers of items": 1,
        "Use minimum and maximum values? [true/false]": true,
        "List of items": [
          {
            "ShortName": "scrap",
            "Minimum": 100,
            "Maximum": 200,
            "Chance [0.0-100.0]": 50.0,
            "Is this a blueprint? [true/false]": false,
            "SkinID (0 - default)": 0,
            "Name (empty - default)": ""
          }
        ]
      }
    }
  ]
}