{
  "ID": "",
  "Enabled? [true/false]": true,
  "Position": "(-34.71, 149.35, 26.59)",
  "Rotation": "(0.00, 0.00, 0.00)",
  "Radius": 20.0,
  "Remove other NPCs? [true/false]": true,
  "Presets": [
    {
      "Enabled? [true/false]": true,
      "Minimum numbers - Day": 3,
      "Maximum numbers - Day": 4,
      "Minimum numbers - Night": 3,
      "Maximum numbers - Night": 4,
      "NPCs setting": {
        "Names": [
          "Mad Ghost"
        ],
        "Health": 300.0,
        "Roam Range": 10.0,
        "Chase Range": 100.0,
        "Attack Range Multiplier": 1.0,
        "Sense Range": 50.0,
        "Target Memory Duration [sec.]": 10.0,
        "Scale damage": 2.0,
        "Aim Cone Scale": 1.0,
        "Detect the target only in the NPC's viewing vision cone? [true/false]": false,
        "Vision Cone": 135.0,
        "Speed": 7.5,
        "Minimum time of appearance after death (not used for Events) [sec.]": 600.0,
        "Maximum time of appearance after death (not used for Events) [sec.]": 900.0,
        "Disable radio effects? [true/false]": true,
        "Is this a stationary NPC? [true/false]": false,
        "Remove a corpse after death? (it is recommended to use the true value to improve performance) [true/false]": true,
        "Wear items": [
          {
            "ShortName": "frankensteins.monster.02.head",
            "SkinID (0 - default)": 0
          },
          {
            "ShortName": "frankensteins.monster.02.legs",
            "SkinID (0 - default)": 0
          },
          {
            "ShortName": "frankensteins.monster.02.torso",
            "SkinID (0 - default)": 0
          }
        ],
        "Belt items": [
          {
            "ShortName": "mace",
            "Amount": 1,
            "SkinID (0 - default)": 0,
            "Mods": [],
            "Ammo": ""
          }
        ],
        "Kits (it is recommended to use the previous 2 settings to improve performance)": []
      },
      "The amount of economics that is given for killing the NPC": {
        "Economics": 0.0,
        "Server Rewards (minimum 1)": 0,
        "IQEconomic (minimum 1)": 0
      },
      "Type of appearance (0 - random; 1 - own list) (not used for Road and Biome)": 1,
      "Own list of locations (not used for Road and Biome)": [
        "(-4.33, 0.01, -0.43)",
        "(-14.66, 0.01, -6.89)",
        "(-5.38, 0.00, -10.06)",
        "(4.50, 0.02, 3.39)",
        "(10.79, 0.34, 8.06)",
        "(18.21, 0.13, 13.54)",
        "(29.87, 4.87, 20.81)",
        "(37.79, 9.24, 26.69)",
        "(38.30, 9.26, 32.28)",
        "(35.78, 9.35, 37.42)",
        "(32.95, 9.32, 43.43)",
        "(34.00, 9.24, 51.29)",
        "(40.79, 9.24, 48.69)",
        "(50.90, 10.10, 41.75)",
        "(42.01, 14.94, 35.31)",
        "(36.80, 14.94, 30.37)",
        "(40.01, 14.94, 25.19)",
        "(33.56, 14.93, 20.48)",
        "(26.70, 14.94, 16.04)",
        "(27.36, 14.94, 22.11)",
        "(-21.44, -29.33, 23.77)",
        "(-38.37, -24.48, 6.99)",
        "(-32.94, -20.18, -1.70)",
        "(-25.51, -20.15, -5.45)",
        "(-27.74, -5.18, -4.16)"
      ],
      "If the NPC ends up below ocean sea level, should the NPC return to it's place of appearance? [true/false]": false,
      "Type of navigation grid (0 - used mainly on the island, 1 - used mainly under water or under land, as well as outside the map, can be used on some monuments)": 0,
      "The path to the crate that appears at the place of death (empty - not used)": "",
      "Which loot table should the plugin use? (0 - default; 1 - own; 2 - AlphaLoot; 3 - CustomLoot; 4 - loot table of the Rust objects; 5 - combine the 1 and 4 methods)": 4,
      "Loot table from prefabs (if the loot table type is 4 or 5)": {
        "Minimum numbers of prefabs": 1,
        "Maximum numbers of prefabs": 1,
        "Use minimum and maximum values? [true/false]": true,
        "List of prefabs": [
          {
            "Chance [0.0-100.0]": 100.0,
            "The path to the prefab": "assets/rust.ai/agents/npcplayer/humannpc/scientist/scientistnpc_oilrig.prefab"
          }
        ]
      },
      "Own loot table (if the loot table type is 1 or 5)": {
        "Minimum numbers of items": 1,
        "Maximum numbers of items": 1,
        "Use minimum and maximum values? [true/false]": true,
        "List of items": [
          {
            "ShortName": "scrap",
            "Minimum": 100,
            "Maximum": 200,
            "Chance [0.0-100.0]": 50.0,
            "Is this a blueprint? [true/false]": false,
            "SkinID (0 - default)": 0,
            "Name (empty - default)": ""
          }
        ]
      }
    },
    {
      "Enabled? [true/false]": true,
      "Minimum numbers - Day": 3,
      "Maximum numbers - Day": 4,
      "Minimum numbers - Night": 3,
      "Maximum numbers - Night": 4,
      "NPCs setting": {
        "Names": [
          "Mad Ghost"
        ],
        "Health": 300.0,
        "Roam Range": 10.0,
        "Chase Range": 100.0,
        "Attack Range Multiplier": 1.0,
        "Sense Range": 50.0,
        "Target Memory Duration [sec.]": 10.0,
        "Scale damage": 2.0,
        "Aim Cone Scale": 1.0,
        "Detect the target only in the NPC's viewing vision cone? [true/false]": false,
        "Vision Cone": 135.0,
        "Speed": 7.5,
        "Minimum time of appearance after death (not used for Events) [sec.]": 600.0,
        "Maximum time of appearance after death (not used for Events) [sec.]": 900.0,
        "Disable radio effects? [true/false]": true,
        "Is this a stationary NPC? [true/false]": false,
        "Remove a corpse after death? (it is recommended to use the true value to improve performance) [true/false]": true,
        "Wear items": [
          {
            "ShortName": "frankensteins.monster.03.head",
            "SkinID (0 - default)": 0
          },
          {
            "ShortName": "frankensteins.monster.03.legs",
            "SkinID (0 - default)": 0
          },
          {
            "ShortName": "frankensteins.monster.03.torso",
            "SkinID (0 - default)": 0
          }
        ],
        "Belt items": [
          {
            "ShortName": "mace",
            "Amount": 1,
            "SkinID (0 - default)": 0,
            "Mods": [],
            "Ammo": ""
          }
        ],
        "Kits (it is recommended to use the previous 2 settings to improve performance)": []
      },
      "The amount of economics that is given for killing the NPC": {
        "Economics": 0.0,
        "Server Rewards (minimum 1)": 0,
        "IQEconomic (minimum 1)": 0
      },
      "Type of appearance (0 - random; 1 - own list) (not used for Road and Biome)": 1,
      "Own list of locations (not used for Road and Biome)": [
        "(-4.33, 0.01, -0.43)",
        "(-14.66, 0.01, -6.89)",
        "(-5.38, 0.00, -10.06)",
        "(4.50, 0.02, 3.39)",
        "(10.79, 0.34, 8.06)",
        "(18.21, 0.13, 13.54)",
        "(29.87, 4.87, 20.81)",
        "(37.79, 9.24, 26.69)",
        "(38.30, 9.26, 32.28)",
        "(35.78, 9.35, 37.42)",
        "(32.95, 9.32, 43.43)",
        "(34.00, 9.24, 51.29)",
        "(40.79, 9.24, 48.69)",
        "(50.90, 10.10, 41.75)",
        "(42.01, 14.94, 35.31)",
        "(36.80, 14.94, 30.37)",
        "(40.01, 14.94, 25.19)",
        "(33.56, 14.93, 20.48)",
        "(26.70, 14.94, 16.04)",
        "(27.36, 14.94, 22.11)",
        "(-21.44, -29.33, 23.77)",
        "(-38.37, -24.48, 6.99)",
        "(-32.94, -20.18, -1.70)",
        "(-25.51, -20.15, -5.45)",
        "(-27.74, -5.18, -4.16)"
      ],
      "If the NPC ends up below ocean sea level, should the NPC return to it's place of appearance? [true/false]": false,
      "Type of navigation grid (0 - used mainly on the island, 1 - used mainly under water or under land, as well as outside the map, can be used on some monuments)": 0,
      "The path to the crate that appears at the place of death (empty - not used)": "",
      "Which loot table should the plugin use? (0 - default; 1 - own; 2 - AlphaLoot; 3 - CustomLoot; 4 - loot table of the Rust objects; 5 - combine the 1 and 4 methods)": 4,
      "Loot table from prefabs (if the loot table type is 4 or 5)": {
        "Minimum numbers of prefabs": 1,
        "Maximum numbers of prefabs": 1,
        "Use minimum and maximum values? [true/false]": true,
        "List of prefabs": [
          {
            "Chance [0.0-100.0]": 100.0,
            "The path to the prefab": "assets/rust.ai/agents/npcplayer/humannpc/scientist/scientistnpc_oilrig.prefab"
          }
        ]
      },
      "Own loot table (if the loot table type is 1 or 5)": {
        "Minimum numbers of items": 1,
        "Maximum numbers of items": 1,
        "Use minimum and maximum values? [true/false]": true,
        "List of items": [
          {
            "ShortName": "scrap",
            "Minimum": 100,
            "Maximum": 200,
            "Chance [0.0-100.0]": 50.0,
            "Is this a blueprint? [true/false]": false,
            "SkinID (0 - default)": 0,
            "Name (empty - default)": ""
          }
        ]
      }
    }
  ]
}