{
  "ID": "",
  "Enabled? [true/false]": true,
  "Position": "(-667.79, 42.59, 1192.39)",
  "Rotation": "(0.00, 0.00, 0.00)",
  "Radius": 20.0,
  "Remove other NPCs? [true/false]": true,
  "Presets": [
    {
      "Enabled? [true/false]": true,
      "Minimum numbers - Day": 4,
      "Maximum numbers - Day": 5,
      "Minimum numbers - Night": 4,
      "Maximum numbers - Night": 5,
      "NPCs setting": {
        "Names": [
          "Patrol"
        ],
        "Health": 200.0,
        "Roam Range": 10.0,
        "Chase Range": 100.0,
        "Attack Range Multiplier": 1.0,
        "Sense Range": 50.0,
        "Target Memory Duration [sec.]": 10.0,
        "Scale damage": 2.0,
        "Aim Cone Scale": 1.0,
        "Detect the target only in the NPC's viewing vision cone? [true/false]": false,
        "Vision Cone": 135.0,
        "Speed": 7.5,
        "Minimum time of appearance after death (not used for Events) [sec.]": 600.0,
        "Maximum time of appearance after death (not used for Events) [sec.]": 900.0,
        "Disable radio effects? [true/false]": false,
        "Is this a stationary NPC? [true/false]": false,
        "Remove a corpse after death? (it is recommended to use the true value to improve performance) [true/false]": true,
        "Wear items": [
          {
            "ShortName": "hat.boonie",
            "SkinID (0 - default)": 889709045
          },
          {
            "ShortName": "hoodie",
            "SkinID (0 - default)": 889718910
          },
          {
            "ShortName": "pants",
            "SkinID (0 - default)": 889714798
          },
          {
            "ShortName": "shoes.boots",
            "SkinID (0 - default)": 877856608
          },
          {
            "ShortName": "mask.bandana",
            "SkinID (0 - default)": 889712013
          }
        ],
        "Belt items": [
          {
            "ShortName": "shotgun.pump",
            "Amount": 1,
            "SkinID (0 - default)": 0,
            "Mods": [
              "weapon.mod.holosight",
              "weapon.mod.flashlight"
            ],
            "Ammo": ""
          }
        ],
        "Kits (it is recommended to use the previous 2 settings to improve performance)": []
      },
      "The amount of economics that is given for killing the NPC": {
        "Economics": 0.0,
        "Server Rewards (minimum 1)": 0,
        "IQEconomic (minimum 1)": 0
      },
      "Type of appearance (0 - random; 1 - own list) (not used for Road and Biome)": 1,
      "Own list of locations (not used for Road and Biome)": [
        "(0.00, 0.00, 0.00)",
        "(-4.65, 0.00, -6.32)",
        "(-12.10, 0.00, -8.65)",
        "(-16.09, 0.04, -4.40)",
        "(-20.89, 0.00, -1.39)",
        "(-27.88, 0.00, -3.01)",
        "(-31.25, 0.00, -8.71)",
        "(-33.50, 0.00, -14.86)",
        "(-32.44, 0.07, -19.60)",
        "(-21.36, 0.00, -20.55)",
        "(-16.47, 0.00, -27.97)",
        "(-15.66, 0.21, -35.48)",
        "(-17.58, 0.20, -42.54)",
        "(-6.30, -0.43, -48.40)",
        "(2.56, -0.80, -49.77)",
        "(10.52, -0.87, -48.39)",
        "(20.46, -1.04, -47.90)",
        "(28.18, 0.08, -44.61)",
        "(33.29, -1.31, -38.39)",
        "(30.58, 0.00, -28.09)",
        "(30.37, 0.00, -17.03)",
        "(26.66, 0.00, -11.05)",
        "(20.81, 0.00, -1.08)",
        "(17.96, -1.41, 15.87)",
        "(9.21, -1.43, 17.25)",
        "(-2.24, -1.34, 17.46)",
        "(-11.86, -1.33, 18.73)",
        "(-18.71, -1.42, 18.15)",
        "(4.91, 0.00, -15.61)",
        "(5.70, 0.00, -23.17)",
        "(16.12, 0.00, -23.81)",
        "(23.95, 0.00, -18.52)",
        "(14.45, 0.00, -15.38)"
      ],
      "If the NPC ends up below ocean sea level, should the NPC return to it's place of appearance? [true/false]": false,
      "Type of navigation grid (0 - used mainly on the island, 1 - used mainly under water or under land, as well as outside the map, can be used on some monuments)": 0,
      "The path to the crate that appears at the place of death (empty - not used)": "",
      "Which loot table should the plugin use? (0 - default; 1 - own; 2 - AlphaLoot; 3 - CustomLoot; 4 - loot table of the Rust objects; 5 - combine the 1 and 4 methods)": 4,
      "Loot table from prefabs (if the loot table type is 4 or 5)": {
        "Minimum numbers of prefabs": 1,
        "Maximum numbers of prefabs": 1,
        "Use minimum and maximum values? [true/false]": true,
        "List of prefabs": [
          {
            "Chance [0.0-100.0]": 100.0,
            "The path to the prefab": "assets/rust.ai/agents/npcplayer/humannpc/scientist/scientistnpc_oilrig.prefab"
          }
        ]
      },
      "Own loot table (if the loot table type is 1 or 5)": {
        "Minimum numbers of items": 1,
        "Maximum numbers of items": 1,
        "Use minimum and maximum values? [true/false]": true,
        "List of items": [
          {
            "ShortName": "scrap",
            "Minimum": 100,
            "Maximum": 200,
            "Chance [0.0-100.0]": 50.0,
            "Is this a blueprint? [true/false]": false,
            "SkinID (0 - default)": 0,
            "Name (empty - default)": ""
          }
        ]
      }
    }
  ]
}