{
  "ID": "",
  "Enabled? [true/false]": true,
  "Position": "(-645.24, 76.21, 373.80)",
  "Rotation": "(0.00, 0.00, 0.00)",
  "Radius": 20.0,
  "Remove other NPCs? [true/false]": true,
  "Presets": [
    {
      "Enabled? [true/false]": true,
      "Minimum numbers - Day": 5,
      "Maximum numbers - Day": 6,
      "Minimum numbers - Night": 5,
      "Maximum numbers - Night": 6,
      "NPCs setting": {
        "Names": [
          "Rebel"
        ],
        "Health": 200.0,
        "Roam Range": 10.0,
        "Chase Range": 100.0,
        "Attack Range Multiplier": 1.0,
        "Sense Range": 50.0,
        "Target Memory Duration [sec.]": 10.0,
        "Scale damage": 2.0,
        "Aim Cone Scale": 1.0,
        "Detect the target only in the NPC's viewing vision cone? [true/false]": false,
        "Vision Cone": 135.0,
        "Speed": 7.5,
        "Minimum time of appearance after death (not used for Events) [sec.]": 600.0,
        "Maximum time of appearance after death (not used for Events) [sec.]": 900.0,
        "Disable radio effects? [true/false]": false,
        "Is this a stationary NPC? [true/false]": false,
        "Remove a corpse after death? (it is recommended to use the true value to improve performance) [true/false]": true,
        "Wear items": [
          {
            "ShortName": "riot.helmet",
            "SkinID (0 - default)": 920983864
          },
          {
            "ShortName": "jacket.snow",
            "SkinID (0 - default)": 920992619
          },
          {
            "ShortName": "pants",
            "SkinID (0 - default)": 920988998
          },
          {
            "ShortName": "shoes.boots",
            "SkinID (0 - default)": 0
          }
        ],
        "Belt items": [
          {
            "ShortName": "shotgun.pump",
            "Amount": 1,
            "SkinID (0 - default)": 0,
            "Mods": [
              "weapon.mod.holosight",
              "weapon.mod.flashlight"
            ],
            "Ammo": ""
          }
        ],
        "Kits (it is recommended to use the previous 2 settings to improve performance)": []
      },
      "The amount of economics that is given for killing the NPC": {
        "Economics": 0.0,
        "Server Rewards (minimum 1)": 0,
        "IQEconomic (minimum 1)": 0
      },
      "Type of appearance (0 - random; 1 - own list) (not used for Road and Biome)": 1,
      "Own list of locations (not used for Road and Biome)": [
        "(-0.03, 0.00, 0.04)",
        "(-6.39, 0.00, 8.53)",
        "(-13.28, 0.01, 12.06)",
        "(-18.44, 0.02, 15.76)",
        "(-14.21, 0.01, 18.19)",
        "(-22.35, -5.16, 17.51)",
        "(-17.79, -5.17, 12.69)",
        "(-9.12, -8.17, 14.02)",
        "(5.32, -5.17, 3.70)",
        "(25.74, 2.31, 8.33)",
        "(-4.30, -0.03, -14.45)",
        "(7.91, -0.03, -16.02)",
        "(16.21, 0.05, -14.17)",
        "(30.86, 0.00, -18.67)",
        "(29.26, -0.03, -7.08)",
        "(26.45, 0.04, 6.83)",
        "(22.22, 0.17, 13.21)",
        "(13.98, -0.03, 11.04)",
        "(6.96, -0.03, 20.46)",
        "(-1.75, -0.03, 27.82)",
        "(-13.80, -0.03, 33.16)",
        "(-22.70, 0.05, 39.88)",
        "(-34.19, 0.01, 27.56)",
        "(-39.03, 0.02, 16.50)"
      ],
      "If the NPC ends up below ocean sea level, should the NPC return to it's place of appearance? [true/false]": false,
      "Type of navigation grid (0 - used mainly on the island, 1 - used mainly under water or under land, as well as outside the map, can be used on some monuments)": 0,
      "The path to the crate that appears at the place of death (empty - not used)": "",
      "Which loot table should the plugin use? (0 - default; 1 - own; 2 - AlphaLoot; 3 - CustomLoot; 4 - loot table of the Rust objects; 5 - combine the 1 and 4 methods)": 4,
      "Loot table from prefabs (if the loot table type is 4 or 5)": {
        "Minimum numbers of prefabs": 1,
        "Maximum numbers of prefabs": 1,
        "Use minimum and maximum values? [true/false]": true,
        "List of prefabs": [
          {
            "Chance [0.0-100.0]": 100.0,
            "The path to the prefab": "assets/rust.ai/agents/npcplayer/humannpc/scientist/scientistnpc_oilrig.prefab"
          }
        ]
      },
      "Own loot table (if the loot table type is 1 or 5)": {
        "Minimum numbers of items": 1,
        "Maximum numbers of items": 1,
        "Use minimum and maximum values? [true/false]": true,
        "List of items": [
          {
            "ShortName": "scrap",
            "Minimum": 100,
            "Maximum": 200,
            "Chance [0.0-100.0]": 50.0,
            "Is this a blueprint? [true/false]": false,
            "SkinID (0 - default)": 0,
            "Name (empty - default)": ""
          }
        ]
      }
    }
  ]
}