{
  "ID": "",
  "Enabled? [true/false]": true,
  "Position": "(863.97, 7.64, -1242.54)",
  "Rotation": "(0.00, 0.00, 0.00)",
  "Radius": 20.0,
  "Remove other NPCs? [true/false]": true,
  "Presets": [
    {
      "Enabled? [true/false]": true,
      "Minimum numbers - Day": 5,
      "Maximum numbers - Day": 6,
      "Minimum numbers - Night": 5,
      "Maximum numbers - Night": 6,
      "NPCs setting": {
        "Names": [
          "Bandit"
        ],
        "Health": 200.0,
        "Roam Range": 10.0,
        "Chase Range": 100.0,
        "Attack Range Multiplier": 1.0,
        "Sense Range": 50.0,
        "Target Memory Duration [sec.]": 10.0,
        "Scale damage": 2.0,
        "Aim Cone Scale": 1.0,
        "Detect the target only in the NPC's viewing vision cone? [true/false]": false,
        "Vision Cone": 135.0,
        "Speed": 7.5,
        "Minimum time of appearance after death (not used for Events) [sec.]": 600.0,
        "Maximum time of appearance after death (not used for Events) [sec.]": 900.0,
        "Disable radio effects? [true/false]": false,
        "Is this a stationary NPC? [true/false]": false,
        "Remove a corpse after death? (it is recommended to use the true value to improve performance) [true/false]": true,
        "Wear items": [
          {
            "ShortName": "santabeard",
            "SkinID (0 - default)": 0
          },
          {
            "ShortName": "burlap.shirt",
            "SkinID (0 - default)": 1107011878
          },
          {
            "ShortName": "pants",
            "SkinID (0 - default)": 1107010382
          },
          {
            "ShortName": "shoes.boots",
            "SkinID (0 - default)": 0
          }
        ],
        "Belt items": [
          {
            "ShortName": "smg.thompson",
            "Amount": 1,
            "SkinID (0 - default)": 0,
            "Mods": [
              "weapon.mod.flashlight"
            ],
            "Ammo": ""
          }
        ],
        "Kits (it is recommended to use the previous 2 settings to improve performance)": []
      },
      "The amount of economics that is given for killing the NPC": {
        "Economics": 0.0,
        "Server Rewards (minimum 1)": 0,
        "IQEconomic (minimum 1)": 0
      },
      "Type of appearance (0 - random; 1 - own list) (not used for Road and Biome)": 1,
      "Own list of locations (not used for Road and Biome)": [
        "(0.06, 0.00, -0.11)",
        "(-9.45, -0.02, -4.41)",
        "(-18.03, -0.06, -9.15)",
        "(-22.57, -0.04, -12.08)",
        "(-18.33, -2.98, -11.84)",
        "(-9.12, -2.98, -9.57)",
        "(-14.18, -2.89, 0.86)",
        "(-19.70, -5.96, -7.62)",
        "(-10.10, -5.96, -17.65)",
        "(-3.81, -5.97, -19.11)",
        "(1.89, -5.96, -2.71)",
        "(-5.55, -5.96, 6.86)",
        "(8.09, -5.96, 17.58)",
        "(15.18, -5.97, 12.55)",
        "(22.66, -5.97, 11.39)",
        "(23.81, -5.96, 22.68)",
        "(40.17, -5.98, -21.13)",
        "(22.30, -5.92, -22.51)",
        "(17.23, -5.98, -47.46)",
        "(-17.83, -5.97, -33.34)",
        "(-35.36, -5.97, -22.08)",
        "(-36.20, -5.25, -10.00)",
        "(-29.42, -5.75, 18.07)",
        "(-15.78, -5.73, 32.52)"
      ],
      "If the NPC ends up below ocean sea level, should the NPC return to it's place of appearance? [true/false]": false,
      "Type of navigation grid (0 - used mainly on the island, 1 - used mainly under water or under land, as well as outside the map, can be used on some monuments)": 0,
      "The path to the crate that appears at the place of death (empty - not used)": "",
      "Which loot table should the plugin use? (0 - default; 1 - own; 2 - AlphaLoot; 3 - CustomLoot; 4 - loot table of the Rust objects; 5 - combine the 1 and 4 methods)": 4,
      "Loot table from prefabs (if the loot table type is 4 or 5)": {
        "Minimum numbers of prefabs": 1,
        "Maximum numbers of prefabs": 1,
        "Use minimum and maximum values? [true/false]": true,
        "List of prefabs": [
          {
            "Chance [0.0-100.0]": 100.0,
            "The path to the prefab": "assets/rust.ai/agents/npcplayer/humannpc/scientist/scientistnpc_oilrig.prefab"
          }
        ]
      },
      "Own loot table (if the loot table type is 1 or 5)": {
        "Minimum numbers of items": 1,
        "Maximum numbers of items": 1,
        "Use minimum and maximum values? [true/false]": true,
        "List of items": [
          {
            "ShortName": "scrap",
            "Minimum": 100,
            "Maximum": 200,
            "Chance [0.0-100.0]": 50.0,
            "Is this a blueprint? [true/false]": false,
            "SkinID (0 - default)": 0,
            "Name (empty - default)": ""
          }
        ]
      }
    }
  ]
}