{
  "ID": "",
  "Enabled? [true/false]": true,
  "Position": "(-461.98, 75.86, -183.31)",
  "Rotation": "(0.00, 0.00, 0.00)",
  "Radius": 20.0,
  "Remove other NPCs? [true/false]": true,
  "Presets": [
    {
      "Enabled? [true/false]": true,
      "Minimum numbers - Day": 3,
      "Maximum numbers - Day": 4,
      "Minimum numbers - Night": 3,
      "Maximum numbers - Night": 4,
      "NPCs setting": {
        "Names": [
          "Bandit"
        ],
        "Health": 200.0,
        "Roam Range": 10.0,
        "Chase Range": 100.0,
        "Attack Range Multiplier": 1.0,
        "Sense Range": 50.0,
        "Target Memory Duration [sec.]": 10.0,
        "Scale damage": 2.0,
        "Aim Cone Scale": 1.0,
        "Detect the target only in the NPC's viewing vision cone? [true/false]": false,
        "Vision Cone": 135.0,
        "Speed": 7.5,
        "Minimum time of appearance after death (not used for Events) [sec.]": 600.0,
        "Maximum time of appearance after death (not used for Events) [sec.]": 900.0,
        "Disable radio effects? [true/false]": false,
        "Is this a stationary NPC? [true/false]": false,
        "Remove a corpse after death? (it is recommended to use the true value to improve performance) [true/false]": true,
        "Wear items": [
          {
            "ShortName": "hat.boonie",
            "SkinID (0 - default)": 1275532550
          },
          {
            "ShortName": "hoodie",
            "SkinID (0 - default)": 1275521888
          },
          {
            "ShortName": "pants",
            "SkinID (0 - default)": 1277403128
          },
          {
            "ShortName": "shoes.boots",
            "SkinID (0 - default)": 1103165033
          },
          {
            "ShortName": "mask.bandana",
            "SkinID (0 - default)": 1623665052
          },
          {
            "ShortName": "burlap.gloves",
            "SkinID (0 - default)": 1113475533
          }
        ],
        "Belt items": [
          {
            "ShortName": "pistol.revolver",
            "Amount": 1,
            "SkinID (0 - default)": 0,
            "Mods": [
              "weapon.mod.flashlight"
            ],
            "Ammo": ""
          }
        ],
        "Kits (it is recommended to use the previous 2 settings to improve performance)": []
      },
      "The amount of economics that is given for killing the NPC": {
        "Economics": 0.0,
        "Server Rewards (minimum 1)": 0,
        "IQEconomic (minimum 1)": 0
      },
      "Type of appearance (0 - random; 1 - own list) (not used for Road and Biome)": 1,
      "Own list of locations (not used for Road and Biome)": [
        "(4.12, 0.12, -4.52)",
        "(25.11, 0.22, -18.75)",
        "(41.36, 0.53, 5.00)",
        "(20.78, 0.41, 26.04)",
        "(11.30, 5.21, 1.14)",
        "(27.33, 5.21, -7.24)",
        "(25.45, 8.17, -9.88)",
        "(15.67, 8.19, 0.16)",
        "(17.02, 15.54, 1.44)",
        "(15.08, 15.53, -3.64)",
        "(22.44, 15.53, -3.14)",
        "(21.58, 15.53, -6.73)",
        "(19.02, 21.89, -6.59)",
        "(16.29, 20.89, -0.19)",
        "(13.15, 23.07, -5.35)",
        "(20.82, 25.89, -6.19)"
      ],
      "If the NPC ends up below ocean sea level, should the NPC return to it's place of appearance? [true/false]": false,
      "Type of navigation grid (0 - used mainly on the island, 1 - used mainly under water or under land, as well as outside the map, can be used on some monuments)": 0,
      "The path to the crate that appears at the place of death (empty - not used)": "",
      "Which loot table should the plugin use? (0 - default; 1 - own; 2 - AlphaLoot; 3 - CustomLoot; 4 - loot table of the Rust objects; 5 - combine the 1 and 4 methods)": 4,
      "Loot table from prefabs (if the loot table type is 4 or 5)": {
        "Minimum numbers of prefabs": 1,
        "Maximum numbers of prefabs": 1,
        "Use minimum and maximum values? [true/false]": true,
        "List of prefabs": [
          {
            "Chance [0.0-100.0]": 100.0,
            "The path to the prefab": "assets/rust.ai/agents/npcplayer/humannpc/scientist/scientistnpc_oilrig.prefab"
          }
        ]
      },
      "Own loot table (if the loot table type is 1 or 5)": {
        "Minimum numbers of items": 1,
        "Maximum numbers of items": 1,
        "Use minimum and maximum values? [true/false]": true,
        "List of items": [
          {
            "ShortName": "scrap",
            "Minimum": 100,
            "Maximum": 200,
            "Chance [0.0-100.0]": 50.0,
            "Is this a blueprint? [true/false]": false,
            "SkinID (0 - default)": 0,
            "Name (empty - default)": ""
          }
        ]
      }
    }
  ]
}